{"cameraMode":{"drawMode":0,"name":"Shaded","section":"Shading Mode"},"sceneLighting":true,"audioPlay":false,"sceneViewState":{"showFog":true,"showMaterialUpdate":false,"showSkybox":true,"showFlares":true,"showImageEffects":true,"showParticleSystems":true},"in2DMode":false,"pivot":{"x":16.923133850097658,"y":0.4193545877933502,"z":4.427391052246094},"rotation":{"x":0.0652988851070404,"y":0.6512903571128845,"z":-0.05641047656536102,"w":0.7539077401161194},"size":28.57719612121582,"orthographic":false}